"Path","SHA256"
"apps/web/src/App.tsx","C4A751FB9E87AC025FE61A1144F587F91DD98F333C70C2B0256B22DCEE3ECA5A"
"apps/web/src/app/router.tsx","A4424C2E4D029BC6F74089FC555756F821A7F240767F216928788A524964A3D6"
"apps/web/src/components/query-state.tsx","A2183A64F179063BE23770280A6DCE1EE2A83C5B55AC22C3196AFF0774F13FB1"
"apps/web/src/components/ui/native-select.tsx","93262E9E6C108DF664725A0043F0C06EF844E173088B18C0F807E753E2F86D22"
"apps/web/src/features/dashboard/components/query-state.tsx","913C5CBB70F31B73E881793C16815B832ABD0419F4AA151B9C1B6C8A8BA31C48"
"apps/web/src/features/dashboard/format.ts","AE3D9911C18411EF2ADD390D5F41E26ACADC641C9E73005AB2C919410C10B5F4"
"apps/web/src/features/dashboard/queries.ts","02A3E68948214FE1BEFCAD4C438318820CAE6F7E0E52E323D7667B50375485A4"
"apps/web/src/features/measurements/components/record-inspector.tsx","67E516EEBAA41629D4AE277D0FD586C44304190A6CF6E43A60366AE2DA7D8BFB"
"apps/web/src/features/measurements/components/records-chart.tsx","89C9070847E2AF2ADC3CE1F26356E5E32F51BE7A971A2355E5CE653B2AEFCF52"
"apps/web/src/features/measurements/components/records-table.tsx","56E677B19821D6EC3290CCEE5275A9A5194C9EE7DD50CE2B7E1A245098AE4AEE"
"apps/web/src/features/measurements/components/status-badge.tsx","A2A78C8CC7E1A213E3EE5AB6D8790300AF9D2D83454AACC67BD2379D635403D6"
"apps/web/src/features/measurements/measurements-page.tsx","DC792AE51C80BE90EB024A75580276050C1503AC25D3FD5D6D7DA8A1319728E1"
"apps/web/src/features/measurements/preview/measurements.synthetic.json","08A3A147F93C9A5139FC7D81662276869113AD954CB3C945AA559FFE2ACF8AE3"
"apps/web/src/features/measurements/preview/source.ts","7D4052A97657B72FDECB0ECB0FCE07B851E496341197F32A903656B75E47182E"
"apps/web/src/features/measurements/queries.ts","77B2F990F9CA1EF74953E10DF7A037CF79910A442E6C882E949451E16E1F859D"
"apps/web/src/features/measurements/schemas.ts","D26548BA699080C1A4673FC68069837A5CD2D7CD3D9B7438C6B38280D2923078"
"apps/web/src/lib/format.ts","3C4748E664E9BECC4414593428C2F4CE34981EC0A584C258D1CAEE6143AE45F4"
"apps/web/src/lib/workspace.ts","F4EF9E1E37CB43A37A661274D0A17B9DAC601017605CD4AD173112E2770F09CA"
"apps/web/src/schemas/context.ts","A76350352ECE5B9982690344EBB17178C07B43B4D99FA5AED3353B5C5CEB59D9"
"apps/web/tests/measurement-preview-contract.py","7181664894F471A8338CB02685BAF1BE9D73FEB42D33C28EC99A17C95CFAF078"
"apps/web/tests/measurements.spec.ts","49E591076163C26D9D4C1E100C6036FA80BD0FC38863C04614C68083A7854053"
"docs/frontend/dashboard-integration.md","DA784D0F98A519A33233BB8CC816CAFBF6EDA8B193432D4FCD620245C2827645"
"docs/frontend/measurements-integration.md","C387F543FD2E99A95D73B0B8FA619125C493FACB3EDF6B07B8577B32232043FA"
